Series,Concentration,Replicate,W,A
Pure VCO,0%,1,3009,0.0108
Pure VCO,0%,1,3007,0.0115
Pure VCO,0%,1,3005,0.0121
Pure VCO,0%,1,3003,0.0127
Pure VCO,0%,1,3001,0.0133
Pure VCO,0%,2,3010,0.0115
Pure VCO,0%,2,3008,0.0122
Pure VCO,0%,2,3006,0.0129
Pure VCO,0%,2,3004,0.0134
Pure VCO,0%,2,3002,0.014
Pure VCO,0%,2,3000,0.0145
Pure VCO,0%,3,3009,0.0132
Pure VCO,0%,3,3007,0.0139
Pure VCO,0%,3,3005,0.0145
Pure VCO,0%,3,3003,0.0152
Pure VCO,0%,3,3001,0.0159
Pure VCO,0%,4,3010,0.0141
Pure VCO,0%,4,3008,0.0149
Pure VCO,0%,4,3006,0.0158
Pure VCO,0%,4,3004,0.0166
Pure VCO,0%,4,3002,0.0173
Pure VCO,0%,4,3000,0.0181
Pure VCO,0%,5,3009,0.015
Pure VCO,0%,5,3007,0.0159
Pure VCO,0%,5,3005,0.0168
Pure VCO,0%,5,3003,0.0176
Pure VCO,0%,5,3001,0.0185
Pure VCO,0%,6,3010,0.0155
Pure VCO,0%,6,3008,0.0165
Pure VCO,0%,6,3006,0.0174
Pure VCO,0%,6,3004,0.0183
Pure VCO,0%,6,3002,0.0192
Pure VCO,0%,6,3000,0.02
Pure VCO,0%,7,3009,0.0153
Pure VCO,0%,7,3007,0.0162
Pure VCO,0%,7,3005,0.0172
Pure VCO,0%,7,3003,0.018
Pure VCO,0%,7,3001,0.0189
Pure VCO,0%,8,3010,0.0162
Pure VCO,0%,8,3008,0.0172
Pure VCO,0%,8,3006,0.0182
Pure VCO,0%,8,3004,0.019
Pure VCO,0%,8,3002,0.0198
Pure VCO,0%,8,3000,0.0207
Pure VCO,0%,9,3009,0.0165
Pure VCO,0%,9,3007,0.0176
Pure VCO,0%,9,3005,0.0184
Pure VCO,0%,9,3003,0.0193
Pure VCO,0%,9,3001,0.0202
Pure VCO,0%,10,3010,0.0159
Pure VCO,0%,10,3008,0.017
Pure VCO,0%,10,3006,0.018
Pure VCO,0%,10,3004,0.019
Pure VCO,0%,10,3002,0.0199
Pure VCO,0%,10,3000,0.0207
Pure VCO,0%,11,3009,0.0165
Pure VCO,0%,11,3007,0.0174
Pure VCO,0%,11,3005,0.0183
Pure VCO,0%,11,3003,0.0193
Pure VCO,0%,11,3001,0.0203
Pure VCO,0%,12,3010,0.018
Pure VCO,0%,12,3008,0.0191
Pure VCO,0%,12,3006,0.0201
Pure VCO,0%,12,3004,0.0212
Pure VCO,0%,12,3002,0.022
Pure VCO,0%,12,3000,0.0228
Pure VCO,0%,13,3009,0.0189
Pure VCO,0%,13,3007,0.0201
Pure VCO,0%,13,3005,0.021
Pure VCO,0%,13,3003,0.022
Pure VCO,0%,13,3001,0.0229
Pure VCO,0%,14,3010,0.0196
Pure VCO,0%,14,3008,0.0209
Pure VCO,0%,14,3006,0.0221
Pure VCO,0%,14,3004,0.0233
Pure VCO,0%,14,3002,0.0244
Pure VCO,0%,14,3000,0.0254
Pure VCO,0%,15,3009,0.0245
Pure VCO,0%,15,3007,0.0261
Pure VCO,0%,15,3005,0.0276
Pure VCO,0%,15,3003,0.0289
Pure VCO,0%,15,3001,0.0302
Adulterated,5%,1,3001,0.009816557
Adulterated,5%,1,3003,0.009567588
Adulterated,5%,1,3005,0.009278216
Adulterated,5%,1,3007,0.008923526
Adulterated,5%,1,3009,0.008496046
Adulterated,5%,2,3000,0.009798857
Adulterated,5%,2,3002,0.009529744
Adulterated,5%,2,3004,0.009234586
Adulterated,5%,2,3006,0.008906932
Adulterated,5%,2,3008,0.008527282
Adulterated,5%,2,3010,0.008092035
Adulterated,5%,3,3001,0.010220816
Adulterated,5%,3,3003,0.009898851
Adulterated,5%,3,3005,0.009552248
Adulterated,5%,3,3007,0.009175923
Adulterated,5%,3,3009,0.008769853
Adulterated,10%,1,3000,0.011107495
Adulterated,10%,1,3002,0.01083793
Adulterated,10%,1,3004,0.010548679
Adulterated,10%,1,3006,0.010204722
Adulterated,10%,1,3008,0.009797838
Adulterated,10%,1,3010,0.009328323
Adulterated,10%,2,3001,0.011268981
Adulterated,10%,2,3003,0.011027901
Adulterated,10%,2,3005,0.01071199
Adulterated,10%,2,3007,0.010320965
Adulterated,10%,2,3009,0.009854215
Adulterated,10%,3,3000,0.011814099
Adulterated,10%,3,3002,0.011516299
Adulterated,10%,3,3004,0.011208696
Adulterated,10%,3,3006,0.010844728999999999
Adulterated,10%,3,3008,0.010376990000000001
Adulterated,10%,3,3010,0.009833648
Adulterated,15%,1,3001,0.012712506
Adulterated,15%,1,3003,0.01246606
Adulterated,15%,1,3005,0.012139144
Adulterated,15%,1,3007,0.011709016
Adulterated,15%,1,3009,0.011164651
Adulterated,15%,2,3000,0.012815327
Adulterated,15%,2,3002,0.01256215
Adulterated,15%,2,3004,0.012268347
Adulterated,15%,2,3006,0.011879739
Adulterated,15%,2,3008,0.011388174
Adulterated,15%,2,3010,0.010801589
Adulterated,15%,3,3001,0.012880449
Adulterated,15%,3,3003,0.012590622
Adulterated,15%,3,3005,0.01224536
Adulterated,15%,3,3007,0.011824047
Adulterated,15%,3,3009,0.011279243
Adulterated,20%,1,3000,0.0134082
Adulterated,20%,1,3002,0.01321576
Adulterated,20%,1,3004,0.012965256
Adulterated,20%,1,3006,0.01260697
Adulterated,20%,1,3008,0.012117871
Adulterated,20%,1,3010,0.011504453
Adulterated,20%,2,3001,0.013147545
Adulterated,20%,2,3003,0.012917226
Adulterated,20%,2,3005,0.012625506
Adulterated,20%,2,3007,0.012216898
Adulterated,20%,2,3009,0.011636182
Adulterated,20%,3,3000,0.013234137
Adulterated,20%,3,3002,0.01300954
Adulterated,20%,3,3004,0.012755506
Adulterated,20%,3,3006,0.012426077
Adulterated,20%,3,3008,0.011985949
Adulterated,20%,3,3010,0.011358457
Adulterated,25%,1,3001,0.01350309
Adulterated,25%,1,3003,0.013307421
Adulterated,25%,1,3005,0.013042325
Adulterated,25%,1,3007,0.01267206
Adulterated,25%,1,3009,0.012149193
Adulterated,25%,2,3000,0.013626292
Adulterated,25%,2,3002,0.013487874
Adulterated,25%,2,3004,0.013292289
Adulterated,25%,2,3006,0.012966761
Adulterated,25%,2,3008,0.01245303
Adulterated,25%,2,3010,0.01177181
Adulterated,25%,3,3001,0.013499878
Adulterated,25%,3,3003,0.013323309
Adulterated,25%,3,3005,0.013050545
Adulterated,25%,3,3007,0.012654622
Adulterated,25%,3,3009,0.012112055
Adulterated,30%,1,3000,0.014170336
Adulterated,30%,1,3002,0.014082953
Adulterated,30%,1,3004,0.013919877
Adulterated,30%,1,3006,0.013617088
Adulterated,30%,1,3008,0.013146197
Adulterated,30%,1,3010,0.012499827
Adulterated,30%,2,3001,0.015329095
Adulterated,30%,2,3003,0.015226356
Adulterated,30%,2,3005,0.014997263
Adulterated,30%,2,3007,0.014597569
Adulterated,30%,2,3009,0.013975158
Adulterated,30%,3,3000,0.015715213
Adulterated,30%,3,3002,0.015633791
Adulterated,30%,3,3004,0.015492346
Adulterated,30%,3,3006,0.015181683
Adulterated,30%,3,3008,0.01467657
Adulterated,30%,3,3010,0.013988121
Adulterated,35%,1,3001,0.013966982
Adulterated,35%,1,3003,0.013951478
Adulterated,35%,1,3005,0.013831031
Adulterated,35%,1,3007,0.013508491
Adulterated,35%,1,3009,0.012952789
Adulterated,35%,2,3000,0.01443157
Adulterated,35%,2,3002,0.014385821
Adulterated,35%,2,3004,0.014311538
Adulterated,35%,2,3006,0.014090464
Adulterated,35%,2,3008,0.013648182
Adulterated,35%,2,3010,0.013025476
Adulterated,35%,3,3001,0.014479491
Adulterated,35%,3,3003,0.014445937
Adulterated,35%,3,3005,0.014283124
Adulterated,35%,3,3007,0.013928186
Adulterated,35%,3,3009,0.013390559
Adulterated,40%,1,3000,0.015259379
Adulterated,40%,1,3002,0.015328162
Adulterated,40%,1,3004,0.015278646
Adulterated,40%,1,3006,0.015012357
Adulterated,40%,1,3008,0.014495186
Adulterated,40%,1,3010,0.013754267
Adulterated,40%,2,3001,0.016080556
Adulterated,40%,2,3003,0.016068237
Adulterated,40%,2,3005,0.015917517
Adulterated,40%,2,3007,0.015525822
Adulterated,40%,2,3009,0.014861892
Adulterated,40%,3,3000,0.016678934
Adulterated,40%,3,3002,0.016673291
Adulterated,40%,3,3004,0.016584276
Adulterated,40%,3,3006,0.016297812
Adulterated,40%,3,3008,0.01575298
Adulterated,40%,3,3010,0.014964353
Adulterated,45%,1,3001,0.016764627
Adulterated,45%,1,3003,0.016767048
Adulterated,45%,1,3005,0.016622049
Adulterated,45%,1,3007,0.016220951
Adulterated,45%,1,3009,0.015548873
Adulterated,45%,2,3000,0.016533728
Adulterated,45%,2,3002,0.016593261
Adulterated,45%,2,3004,0.016552573
Adulterated,45%,2,3006,0.016269645
Adulterated,45%,2,3008,0.015730844
Adulterated,45%,2,3010,0.014956153
Adulterated,45%,3,3001,0.01676042
Adulterated,45%,3,3003,0.016790186
Adulterated,45%,3,3005,0.016662996
Adulterated,45%,3,3007,0.016292886
Adulterated,45%,3,3009,0.015658286
Adulterated,50%,1,3000,0.017136609
Adulterated,50%,1,3002,0.017225067
Adulterated,50%,1,3004,0.01720707
Adulterated,50%,1,3006,0.016956782
Adulterated,50%,1,3008,0.016420462
Adulterated,50%,1,3010,0.01558649
Adulterated,50%,2,3001,0.017754548
Adulterated,50%,2,3003,0.017763001
Adulterated,50%,2,3005,0.017609919
Adulterated,50%,2,3007,0.017181154
Adulterated,50%,2,3009,0.016435636
Adulterated,50%,3,3000,0.018481504
Adulterated,50%,3,3002,0.018516143
Adulterated,50%,3,3004,0.018432532
Adulterated,50%,3,3006,0.018096874
Adulterated,50%,3,3008,0.017473323
Adulterated,50%,3,3010,0.016574556
Adulterated,55%,1,3001,0.016352047
Adulterated,55%,1,3003,0.016520426
Adulterated,55%,1,3005,0.01647955
Adulterated,55%,1,3007,0.016133619
Adulterated,55%,1,3009,0.015470171
Adulterated,55%,2,3000,0.016758218
Adulterated,55%,2,3002,0.016951653
Adulterated,55%,2,3004,0.017007566
Adulterated,55%,2,3006,0.016816393
Adulterated,55%,2,3008,0.016323739
Adulterated,55%,2,3010,0.015508952
Adulterated,55%,3,3001,0.016489874
Adulterated,55%,3,3003,0.016662611
Adulterated,55%,3,3005,0.01664617
Adulterated,55%,3,3007,0.016319252
Adulterated,55%,3,3009,0.015674544
Adulterated,60%,1,3000,0.016682227
Adulterated,60%,1,3002,0.01693827
Adulterated,60%,1,3004,0.01706468
Adulterated,60%,1,3006,0.0169208
Adulterated,60%,1,3008,0.016417076
Adulterated,60%,1,3010,0.015590549
Adulterated,60%,2,3001,0.017159008
Adulterated,60%,2,3003,0.017368447
Adulterated,60%,2,3005,0.017378885
Adulterated,60%,2,3007,0.017055415
Adulterated,60%,2,3009,0.016386221
Adulterated,60%,3,3000,0.01731422
Adulterated,60%,3,3002,0.017565124
Adulterated,60%,3,3004,0.017680403
Adulterated,60%,3,3006,0.017501933
Adulterated,60%,3,3008,0.016964338
Adulterated,60%,3,3010,0.016097996
Pure VCO,0%,1,1659,0.007
Pure VCO,0%,1,1657,0.0069
Pure VCO,0%,1,1655,0.0068
Pure VCO,0%,1,1653,0.0067
Pure VCO,0%,1,1651,0.0064
Pure VCO,0%,2,1660,0.008
Pure VCO,0%,2,1658,0.008
Pure VCO,0%,2,1656,0.008
Pure VCO,0%,2,1654,0.0077
Pure VCO,0%,2,1652,0.0078
Pure VCO,0%,2,1650,0.0074
Pure VCO,0%,3,1659,0.0077
Pure VCO,0%,3,1657,0.0076
Pure VCO,0%,3,1655,0.0073
Pure VCO,0%,3,1653,0.0072
Pure VCO,0%,3,1651,0.007
Pure VCO,0%,4,1660,0.0074
Pure VCO,0%,4,1658,0.0074
Pure VCO,0%,4,1656,0.0073
Pure VCO,0%,4,1654,0.007
Pure VCO,0%,4,1652,0.007
Pure VCO,0%,4,1650,0.0068
Pure VCO,0%,5,1659,0.0069
Pure VCO,0%,5,1657,0.0068
Pure VCO,0%,5,1655,0.0066
Pure VCO,0%,5,1653,0.0065
Pure VCO,0%,5,1651,0.0064
Pure VCO,0%,6,1660,0.0079
Pure VCO,0%,6,1658,0.0078
Pure VCO,0%,6,1656,0.0077
Pure VCO,0%,6,1654,0.0074
Pure VCO,0%,6,1652,0.0075
Pure VCO,0%,6,1650,0.0072
Pure VCO,0%,7,1659,0.007
Pure VCO,0%,7,1657,0.0069
Pure VCO,0%,7,1655,0.0066
Pure VCO,0%,7,1653,0.0065
Pure VCO,0%,7,1651,0.0064
Pure VCO,0%,8,1660,0.0079
Pure VCO,0%,8,1658,0.0079
Pure VCO,0%,8,1656,0.0078
Pure VCO,0%,8,1654,0.0075
Pure VCO,0%,8,1652,0.0077
Pure VCO,0%,8,1650,0.0074
Pure VCO,0%,9,1659,0.0071
Pure VCO,0%,9,1657,0.007
Pure VCO,0%,9,1655,0.0068
Pure VCO,0%,9,1653,0.0067
Pure VCO,0%,9,1651,0.0067
Pure VCO,0%,10,1660,0.0073
Pure VCO,0%,10,1658,0.0072
Pure VCO,0%,10,1656,0.0071
Pure VCO,0%,10,1654,0.0067
Pure VCO,0%,10,1652,0.0069
Pure VCO,0%,10,1650,0.0068
Pure VCO,0%,11,1659,0.0064
Pure VCO,0%,11,1657,0.0065
Pure VCO,0%,11,1655,0.0064
Pure VCO,0%,11,1653,0.0062
Pure VCO,0%,11,1651,0.0059
Pure VCO,0%,12,1660,0.0075
Pure VCO,0%,12,1658,0.0077
Pure VCO,0%,12,1656,0.0077
Pure VCO,0%,12,1654,0.0073
Pure VCO,0%,12,1652,0.0076
Pure VCO,0%,12,1650,0.0071
Pure VCO,0%,13,1659,0.0071
Pure VCO,0%,13,1657,0.007
Pure VCO,0%,13,1655,0.0068
Pure VCO,0%,13,1653,0.0067
Pure VCO,0%,13,1651,0.0065
Pure VCO,0%,14,1660,0.007
Pure VCO,0%,14,1658,0.0069
Pure VCO,0%,14,1656,0.0067
Pure VCO,0%,14,1654,0.0065
Pure VCO,0%,14,1652,0.0065
Pure VCO,0%,14,1650,0.0062
Pure VCO,0%,15,1659,0.0083
Pure VCO,0%,15,1657,0.0082
Pure VCO,0%,15,1655,0.0081
Pure VCO,0%,15,1653,0.0081
Pure VCO,0%,15,1651,0.0078
Adulterated,5%,1,1651,0.006017601
Adulterated,5%,1,1653,0.00621822
Adulterated,5%,1,1655,0.006214228
Adulterated,5%,1,1657,0.006320997
Adulterated,5%,1,1659,0.006397663
Adulterated,5%,2,1650,0.005699645
Adulterated,5%,2,1652,0.005947588
Adulterated,5%,2,1654,0.005888383
Adulterated,5%,2,1656,0.006132574
Adulterated,5%,2,1658,0.00622173
Adulterated,5%,2,1660,0.006291708
Adulterated,5%,3,1651,0.006326442
Adulterated,5%,3,1653,0.006298159
Adulterated,5%,3,1655,0.006330291
Adulterated,5%,3,1657,0.006725144
Adulterated,5%,3,1659,0.006802733
Adulterated,10%,1,1650,0.006203637
Adulterated,10%,1,1652,0.00645372
Adulterated,10%,1,1654,0.006162929
Adulterated,10%,1,1656,0.006504363
Adulterated,10%,1,1658,0.006608734
Adulterated,10%,1,1660,0.006676739
Adulterated,10%,2,1651,0.006425611
Adulterated,10%,2,1653,0.006336022
Adulterated,10%,2,1655,0.006385007
Adulterated,10%,2,1657,0.006712807
Adulterated,10%,2,1659,0.006783434
Adulterated,10%,3,1650,0.006380643
Adulterated,10%,3,1652,0.006593134
Adulterated,10%,3,1654,0.0063006
Adulterated,10%,3,1656,0.006687073
Adulterated,10%,3,1658,0.006841695
Adulterated,10%,3,1660,0.006894627
Adulterated,15%,1,1651,0.006962775
Adulterated,15%,1,1653,0.006812335
Adulterated,15%,1,1655,0.006829443
Adulterated,15%,1,1657,0.0071767
Adulterated,15%,1,1659,0.007234316
Adulterated,15%,2,1650,0.006696745
Adulterated,15%,2,1652,0.006887477
Adulterated,15%,2,1654,0.006402194
Adulterated,15%,2,1656,0.006931065
Adulterated,15%,2,1658,0.007105654
Adulterated,15%,2,1660,0.00713822
Adulterated,15%,3,1651,0.006975856
Adulterated,15%,3,1653,0.006803236
Adulterated,15%,3,1655,0.006877499
Adulterated,15%,3,1657,0.007228041
Adulterated,15%,3,1659,0.007256092
Adulterated,20%,1,1650,0.006551363
Adulterated,20%,1,1652,0.006653526
Adulterated,20%,1,1654,0.006212594
Adulterated,20%,1,1656,0.00689711
Adulterated,20%,1,1658,0.007101176
Adulterated,20%,1,1660,0.007104688
Adulterated,20%,2,1651,0.006297373
Adulterated,20%,2,1653,0.006161021
Adulterated,20%,2,1655,0.006319769
Adulterated,20%,2,1657,0.006871306
Adulterated,20%,2,1659,0.0069433
Adulterated,20%,3,1650,0.006408941
Adulterated,20%,3,1652,0.006460933
Adulterated,20%,3,1654,0.005964505
Adulterated,20%,3,1656,0.006731102
Adulterated,20%,3,1658,0.007037457
Adulterated,20%,3,1660,0.007038934
Adulterated,25%,1,1651,0.006538114
Adulterated,25%,1,1653,0.006277558
Adulterated,25%,1,1655,0.006420955
Adulterated,25%,1,1657,0.006974814
Adulterated,25%,1,1659,0.007030565
Adulterated,25%,2,1650,0.006405807
Adulterated,25%,2,1652,0.006503731
Adulterated,25%,2,1654,0.0060696
Adulterated,25%,2,1656,0.006716788
Adulterated,25%,2,1658,0.006960519
Adulterated,25%,2,1660,0.006961176
Adulterated,25%,3,1651,0.006392443
Adulterated,25%,3,1653,0.006107759
Adulterated,25%,3,1655,0.006202355
Adulterated,25%,3,1657,0.006861178
Adulterated,25%,3,1659,0.006983712
Adulterated,30%,1,1650,0.006435315
Adulterated,30%,1,1652,0.006541389
Adulterated,30%,1,1654,0.0060912
Adulterated,30%,1,1656,0.006807207
Adulterated,30%,1,1658,0.007042365
Adulterated,30%,1,1660,0.007031547
Adulterated,30%,2,1651,0.008272758
Adulterated,30%,2,1653,0.008069725
Adulterated,30%,2,1655,0.00826495
Adulterated,30%,2,1657,0.008860225
Adulterated,30%,2,1659,0.008904034
Adulterated,30%,3,1650,0.009210742
Adulterated,30%,3,1652,0.009491292
Adulterated,30%,3,1654,0.009047747
Adulterated,30%,3,1656,0.009668075
Adulterated,30%,3,1658,0.009864401
Adulterated,30%,3,1660,0.009749121
Adulterated,35%,1,1651,0.006373145
Adulterated,35%,1,1653,0.006454008
Adulterated,35%,1,1655,0.006468601
Adulterated,35%,1,1657,0.006827214
Adulterated,35%,1,1659,0.006880774
Adulterated,35%,2,1650,0.006043159
Adulterated,35%,2,1652,0.00659126
Adulterated,35%,2,1654,0.006274921
Adulterated,35%,2,1656,0.006529252
Adulterated,35%,2,1658,0.006701899
Adulterated,35%,2,1660,0.006711928
Adulterated,35%,3,1651,0.00666056
Adulterated,35%,3,1653,0.006720274
Adulterated,35%,3,1655,0.006629771
Adulterated,35%,3,1657,0.006852378
Adulterated,35%,3,1659,0.006898016
Adulterated,40%,1,1650,0.006199587
Adulterated,40%,1,1652,0.006823796
Adulterated,40%,1,1654,0.006467457
Adulterated,40%,1,1656,0.006689746
Adulterated,40%,1,1658,0.006826511
Adulterated,40%,1,1660,0.006823905
Adulterated,40%,2,1651,0.006456106
Adulterated,40%,2,1653,0.006709073
Adulterated,40%,2,1655,0.006607346
Adulterated,40%,2,1657,0.006756942
Adulterated,40%,2,1659,0.006790012
Adulterated,40%,3,1650,0.006813349
Adulterated,40%,3,1652,0.007587157
Adulterated,40%,3,1654,0.007378513
Adulterated,40%,3,1656,0.007485618
Adulterated,40%,3,1658,0.007537956
Adulterated,40%,3,1660,0.007481946
Adulterated,45%,1,1651,0.006270305
Adulterated,45%,1,1653,0.00668374
Adulterated,45%,1,1655,0.006613545
Adulterated,45%,1,1657,0.006772602
Adulterated,45%,1,1659,0.006837793
Adulterated,45%,2,1650,0.006002035
Adulterated,45%,2,1652,0.006753913
Adulterated,45%,2,1654,0.006558422
Adulterated,45%,2,1656,0.006684994
Adulterated,45%,2,1658,0.006758782
Adulterated,45%,2,1660,0.006744991
Adulterated,45%,3,1651,0.00736844
Adulterated,45%,3,1653,0.007847779
Adulterated,45%,3,1655,0.007725549
Adulterated,45%,3,1657,0.007801613
Adulterated,45%,3,1659,0.007796819
Adulterated,50%,1,1650,0.005969711
Adulterated,50%,1,1652,0.006732425
Adulterated,50%,1,1654,0.006643122
Adulterated,50%,1,1656,0.006734482
Adulterated,50%,1,1658,0.006766296
Adulterated,50%,1,1660,0.006711175
Adulterated,50%,2,1651,0.006378358
Adulterated,50%,2,1653,0.00688326
Adulterated,50%,2,1655,0.006771479
Adulterated,50%,2,1657,0.006724991
Adulterated,50%,2,1659,0.006708391
Adulterated,50%,3,1650,0.006286893
Adulterated,50%,3,1652,0.007256129
Adulterated,50%,3,1654,0.007065982
Adulterated,50%,3,1656,0.007018064
Adulterated,50%,3,1658,0.007081448
Adulterated,50%,3,1660,0.007069633
Adulterated,55%,1,1651,0.00596579
Adulterated,55%,1,1653,0.006324278
Adulterated,55%,1,1655,0.006157268
Adulterated,55%,1,1657,0.006179776
Adulterated,55%,1,1659,0.00622689
Adulterated,55%,2,1650,0.005950819
Adulterated,55%,2,1652,0.006622399
Adulterated,55%,2,1654,0.006582228
Adulterated,55%,2,1656,0.006544865
Adulterated,55%,2,1658,0.00667553
Adulterated,55%,2,1660,0.006626706
Adulterated,55%,3,1651,0.006716774
Adulterated,55%,3,1653,0.006951411
Adulterated,55%,3,1655,0.006940546
Adulterated,55%,3,1657,0.0070287
Adulterated,55%,3,1659,0.00702032
Adulterated,60%,1,1650,0.005503128
Adulterated,60%,1,1652,0.006184656
Adulterated,60%,1,1654,0.006187798
Adulterated,60%,1,1656,0.006109646
Adulterated,60%,1,1658,0.00623941
Adulterated,60%,1,1660,0.006176659
Adulterated,60%,2,1651,0.005988228
Adulterated,60%,2,1653,0.006273918
Adulterated,60%,2,1655,0.006216066
Adulterated,60%,2,1657,0.006320101
Adulterated,60%,2,1659,0.00635096
Adulterated,60%,3,1650,0.006215345
Adulterated,60%,3,1652,0.006907559
Adulterated,60%,3,1654,0.006897646
Adulterated,60%,3,1656,0.006720694
Adulterated,60%,3,1658,0.006817676
Adulterated,60%,3,1660,0.006733796
Pure VCO,0%,1,1119,0.1262
Pure VCO,0%,1,1117,0.1369
Pure VCO,0%,1,1115,0.1454
Pure VCO,0%,1,1113,0.1507
Pure VCO,0%,1,1111,0.1529
Pure VCO,0%,1,1109,0.1523
Pure VCO,0%,1,1107,0.1499
Pure VCO,0%,1,1105,0.1469
Pure VCO,0%,2,1120,0.1213
Pure VCO,0%,2,1118,0.1326
Pure VCO,0%,2,1116,0.1422
Pure VCO,0%,2,1114,0.1491
Pure VCO,0%,2,1112,0.1527
Pure VCO,0%,2,1110,0.1535
Pure VCO,0%,2,1108,0.152
Pure VCO,0%,2,1106,0.1493
Pure VCO,0%,3,1119,0.127
Pure VCO,0%,3,1117,0.1377
Pure VCO,0%,3,1115,0.1462
Pure VCO,0%,3,1113,0.1517
Pure VCO,0%,3,1111,0.1539
Pure VCO,0%,3,1109,0.1533
Pure VCO,0%,3,1107,0.151
Pure VCO,0%,3,1105,0.1483
Pure VCO,0%,4,1120,0.1216
Pure VCO,0%,4,1118,0.1329
Pure VCO,0%,4,1116,0.1428
Pure VCO,0%,4,1114,0.1499
Pure VCO,0%,4,1112,0.1537
Pure VCO,0%,4,1110,0.1544
Pure VCO,0%,4,1108,0.153
Pure VCO,0%,4,1106,0.1504
Pure VCO,0%,5,1119,0.1272
Pure VCO,0%,5,1117,0.1381
Pure VCO,0%,5,1115,0.1467
Pure VCO,0%,5,1113,0.1522
Pure VCO,0%,5,1111,0.1544
Pure VCO,0%,5,1109,0.154
Pure VCO,0%,5,1107,0.1519
Pure VCO,0%,5,1105,0.1491
Pure VCO,0%,6,1120,0.1221
Pure VCO,0%,6,1118,0.1334
Pure VCO,0%,6,1116,0.1433
Pure VCO,0%,6,1114,0.1505
Pure VCO,0%,6,1112,0.1544
Pure VCO,0%,6,1110,0.1552
Pure VCO,0%,6,1108,0.1539
Pure VCO,0%,6,1106,0.1513
Pure VCO,0%,7,1119,0.1273
Pure VCO,0%,7,1117,0.1381
Pure VCO,0%,7,1115,0.1468
Pure VCO,0%,7,1113,0.1524
Pure VCO,0%,7,1111,0.1546
Pure VCO,0%,7,1109,0.1542
Pure VCO,0%,7,1107,0.152
Pure VCO,0%,7,1105,0.1492
Pure VCO,0%,8,1120,0.1223
Pure VCO,0%,8,1118,0.1337
Pure VCO,0%,8,1116,0.1437
Pure VCO,0%,8,1114,0.151
Pure VCO,0%,8,1112,0.155
Pure VCO,0%,8,1110,0.1558
Pure VCO,0%,8,1108,0.1544
Pure VCO,0%,8,1106,0.1519
Pure VCO,0%,9,1119,0.1279
Pure VCO,0%,9,1117,0.1387
Pure VCO,0%,9,1115,0.1474
Pure VCO,0%,9,1113,0.15310000000000001
Pure VCO,0%,9,1111,0.1554
Pure VCO,0%,9,1109,0.155
Pure VCO,0%,9,1107,0.1528
Pure VCO,0%,9,1105,0.15
Pure VCO,0%,10,1120,0.1221
Pure VCO,0%,10,1118,0.1335
Pure VCO,0%,10,1116,0.1435
Pure VCO,0%,10,1114,0.1506
Pure VCO,0%,10,1112,0.1546
Pure VCO,0%,10,1110,0.1554
Pure VCO,0%,10,1108,0.1541
Pure VCO,0%,10,1106,0.1517
Pure VCO,0%,11,1119,0.1267
Pure VCO,0%,11,1117,0.138
Pure VCO,0%,11,1115,0.1462
Pure VCO,0%,11,1113,0.1511
Pure VCO,0%,11,1111,0.1547
Pure VCO,0%,11,1109,0.1551
Pure VCO,0%,11,1107,0.1533
Pure VCO,0%,11,1105,0.149
Pure VCO,0%,12,1120,0.1225
Pure VCO,0%,12,1118,0.1341
Pure VCO,0%,12,1116,0.1439
Pure VCO,0%,12,1114,0.1508
Pure VCO,0%,12,1112,0.1552
Pure VCO,0%,12,1110,0.1567
Pure VCO,0%,12,1108,0.1553
Pure VCO,0%,12,1106,0.1527
Pure VCO,0%,13,1119,0.1282
Pure VCO,0%,13,1117,0.139
Pure VCO,0%,13,1115,0.1478
Pure VCO,0%,13,1113,0.1535
Pure VCO,0%,13,1111,0.1558
Pure VCO,0%,13,1109,0.1555
Pure VCO,0%,13,1107,0.1534
Pure VCO,0%,13,1105,0.1507
Pure VCO,0%,14,1120,0.1227
Pure VCO,0%,14,1118,0.1342
Pure VCO,0%,14,1116,0.1443
Pure VCO,0%,14,1114,0.1515
Pure VCO,0%,14,1112,0.1554
Pure VCO,0%,14,1110,0.1565
Pure VCO,0%,14,1108,0.1555
Pure VCO,0%,14,1106,0.15310000000000001
Pure VCO,0%,15,1119,0.1305
Pure VCO,0%,15,1117,0.1416
Pure VCO,0%,15,1115,0.1507
Pure VCO,0%,15,1113,0.1566
Pure VCO,0%,15,1111,0.1593
Pure VCO,0%,15,1109,0.1594
Pure VCO,0%,15,1107,0.1577
Pure VCO,0%,15,1105,0.1554
Adulterated,5%,1,1105,0.143403126
Adulterated,5%,1,1107,0.146342274
Adulterated,5%,1,1109,0.148717326
Adulterated,5%,1,1111,0.149593883
Adulterated,5%,1,1113,0.148077569
Adulterated,5%,1,1115,0.143435144
Adulterated,5%,1,1117,0.135502938
Adulterated,5%,1,1119,0.125280418
Adulterated,5%,2,1106,0.14608518
Adulterated,5%,2,1108,0.148761089
Adulterated,5%,2,1110,0.150373008
Adulterated,5%,2,1112,0.150017002
Adulterated,5%,2,1114,0.14657639
Adulterated,5%,2,1116,0.140073858
Adulterated,5%,2,1118,0.130756031
Adulterated,5%,2,1120,0.119754016
Adulterated,5%,3,1105,0.144050758
Adulterated,5%,3,1107,0.146829234
Adulterated,5%,3,1109,0.149185278
Adulterated,5%,3,1111,0.150044965
Adulterated,5%,3,1113,0.148293904
Adulterated,5%,3,1115,0.143424276
Adulterated,5%,3,1117,0.13553945
Adulterated,5%,3,1119,0.125288469
Adulterated,10%,1,1106,0.142269152
Adulterated,10%,1,1108,0.145017348
Adulterated,10%,1,1110,0.146793847
Adulterated,10%,1,1112,0.146746529
Adulterated,10%,1,1114,0.143751716
Adulterated,10%,1,1116,0.137731692
Adulterated,10%,1,1118,0.128966555
Adulterated,10%,1,1120,0.118463341
Adulterated,10%,2,1105,0.14055639
Adulterated,10%,2,1107,0.143342522
Adulterated,10%,2,1109,0.145737157
Adulterated,10%,2,1111,0.146787334
Adulterated,10%,2,1113,0.145397339
Adulterated,10%,2,1115,0.140934305
Adulterated,10%,2,1117,0.133498429
Adulterated,10%,2,1119,0.123757533
Adulterated,10%,3,1106,0.142188768
Adulterated,10%,3,1108,0.14485832
Adulterated,10%,3,1110,0.146616444
Adulterated,10%,3,1112,0.146596159
Adulterated,10%,3,1114,0.143711479
Adulterated,10%,3,1116,0.137770526
Adulterated,10%,3,1118,0.129001931
Adulterated,10%,3,1120,0.118463496
Adulterated,15%,1,1105,0.138571713
Adulterated,15%,1,1107,0.141142737
Adulterated,15%,1,1109,0.143411087
Adulterated,15%,1,1111,0.144714418
Adulterated,15%,1,1113,0.143709389
Adulterated,15%,1,1115,0.139508911
Adulterated,15%,1,1117,0.132278551
Adulterated,15%,1,1119,0.122860781
Adulterated,15%,2,1106,0.139425956
Adulterated,15%,2,1108,0.142011502
Adulterated,15%,2,1110,0.143866011
Adulterated,15%,2,1112,0.144054187
Adulterated,15%,2,1114,0.141463052
Adulterated,15%,2,1116,0.135934876
Adulterated,15%,2,1118,0.127602943
Adulterated,15%,2,1120,0.11747878
Adulterated,15%,3,1105,0.138426399
Adulterated,15%,3,1107,0.140959639
Adulterated,15%,3,1109,0.143214144
Adulterated,15%,3,1111,0.144391299
Adulterated,15%,3,1113,0.143290062
Adulterated,15%,3,1115,0.139162529
Adulterated,15%,3,1117,0.13209839
Adulterated,15%,3,1119,0.122759305
Adulterated,20%,1,1106,0.136926182
Adulterated,20%,1,1108,0.139439113
Adulterated,20%,1,1110,0.141316866
Adulterated,20%,1,1112,0.141695777
Adulterated,20%,1,1114,0.139381014
Adulterated,20%,1,1116,0.134168468
Adulterated,20%,1,1118,0.126231577
Adulterated,20%,1,1120,0.116481841
Adulterated,20%,2,1105,0.135453943
Adulterated,20%,2,1107,0.137940392
Adulterated,20%,2,1109,0.140236517
Adulterated,20%,2,1111,0.141555286
Adulterated,20%,2,1113,0.140648588
Adulterated,20%,2,1115,0.13690817
Adulterated,20%,2,1117,0.130253212
Adulterated,20%,2,1119,0.121262753
Adulterated,20%,3,1106,0.136545477
Adulterated,20%,3,1108,0.139018831
Adulterated,20%,3,1110,0.140931503
Adulterated,20%,3,1112,0.141408573
Adulterated,20%,3,1114,0.139142676
Adulterated,20%,3,1116,0.133937973
Adulterated,20%,3,1118,0.126051277
Adulterated,20%,3,1120,0.116272804
Adulterated,25%,1,1105,0.13315352
Adulterated,25%,1,1107,0.135435991
Adulterated,25%,1,1109,0.137710965
Adulterated,25%,1,1111,0.139141923
Adulterated,25%,1,1113,0.138620702
Adulterated,25%,1,1115,0.135231203
Adulterated,25%,1,1117,0.128904914
Adulterated,25%,1,1119,0.120331586
Adulterated,25%,2,1106,0.134142368
Adulterated,25%,2,1108,0.136608981
Adulterated,25%,2,1110,0.138562836
Adulterated,25%,2,1112,0.139124473
Adulterated,25%,2,1114,0.137079465
Adulterated,25%,2,1116,0.132268772
Adulterated,25%,2,1118,0.124758477
Adulterated,25%,2,1120,0.115355214
Adulterated,25%,3,1105,0.133054521
Adulterated,25%,3,1107,0.135521396
Adulterated,25%,3,1109,0.137830223
Adulterated,25%,3,1111,0.139163404
Adulterated,25%,3,1113,0.13833406
Adulterated,25%,3,1115,0.13499036
Adulterated,25%,3,1117,0.128837435
Adulterated,25%,3,1119,0.120305882
Adulterated,30%,1,1106,0.13116788
Adulterated,30%,1,1108,0.133521464
Adulterated,30%,1,1110,0.135469884
Adulterated,30%,1,1112,0.136189419
Adulterated,30%,1,1114,0.134544237
Adulterated,30%,1,1116,0.130219785
Adulterated,30%,1,1118,0.123199981
Adulterated,30%,1,1120,0.114256037
Adulterated,30%,2,1105,0.132469276
Adulterated,30%,2,1107,0.134511526
Adulterated,30%,2,1109,0.136574871
Adulterated,30%,2,1111,0.137919941
Adulterated,30%,2,1113,0.137285872
Adulterated,30%,2,1115,0.134184875
Adulterated,30%,2,1117,0.128406281
Adulterated,30%,2,1119,0.120359394
Adulterated,30%,3,1106,0.133337766
Adulterated,30%,3,1108,0.135487329
Adulterated,30%,3,1110,0.137239009
Adulterated,30%,3,1112,0.137838933
Adulterated,30%,3,1114,0.136094048
Adulterated,30%,3,1116,0.131724714
Adulterated,30%,3,1118,0.124745433
Adulterated,30%,3,1120,0.11587821
Adulterated,35%,1,1105,0.127601236
Adulterated,35%,1,1107,0.129698487
Adulterated,35%,1,1109,0.131959438
Adulterated,35%,1,1111,0.133573165
Adulterated,35%,1,1113,0.133428844
Adulterated,35%,1,1115,0.130838912
Adulterated,35%,1,1117,0.125476608
Adulterated,35%,1,1119,0.117756744
Adulterated,35%,2,1106,0.12847074
Adulterated,35%,2,1108,0.13049011
Adulterated,35%,2,1110,0.132416063
Adulterated,35%,2,1112,0.133574526
Adulterated,35%,2,1114,0.132372146
Adulterated,35%,2,1116,0.12851500799999999
Adulterated,35%,2,1118,0.121884078
Adulterated,35%,2,1120,0.113134467
Adulterated,35%,3,1105,0.12737521500000001
Adulterated,35%,3,1107,0.129628544
Adulterated,35%,3,1109,0.131895316
Adulterated,35%,3,1111,0.133375737
Adulterated,35%,3,1113,0.133090564
Adulterated,35%,3,1115,0.130546364
Adulterated,35%,3,1117,0.125363041
Adulterated,35%,3,1119,0.117707364
Adulterated,40%,1,1106,0.125977499
Adulterated,40%,1,1108,0.128188694
Adulterated,40%,1,1110,0.130294921
Adulterated,40%,1,1112,0.131392779
Adulterated,40%,1,1114,0.130291095
Adulterated,40%,1,1116,0.126670199
Adulterated,40%,1,1118,0.120381433
Adulterated,40%,1,1120,0.112174509
Adulterated,40%,2,1105,0.125157009
Adulterated,40%,2,1107,0.127126203
Adulterated,40%,2,1109,0.12928488
Adulterated,40%,2,1111,0.131003992
Adulterated,40%,2,1113,0.131123634
Adulterated,40%,2,1115,0.128900278
Adulterated,40%,2,1117,0.123969509
Adulterated,40%,2,1119,0.116678306
Adulterated,40%,3,1106,0.126957969
Adulterated,40%,3,1108,0.129064625
Adulterated,40%,3,1110,0.131058031
Adulterated,40%,3,1112,0.132120414
Adulterated,40%,3,1114,0.131006632
Adulterated,40%,3,1116,0.127380521
Adulterated,40%,3,1118,0.121116823
Adulterated,40%,3,1120,0.112894847
Adulterated,45%,1,1105,0.123104359
Adulterated,45%,1,1107,0.124889663
Adulterated,45%,1,1109,0.127039046
Adulterated,45%,1,1111,0.128824843
Adulterated,45%,1,1113,0.129111854
Adulterated,45%,1,1115,0.127193021
Adulterated,45%,1,1117,0.12267415499999999
Adulterated,45%,1,1119,0.115764637
Adulterated,45%,2,1106,0.123757097
Adulterated,45%,2,1108,0.125784172
Adulterated,45%,2,1110,0.127847693
Adulterated,45%,2,1112,0.129108654
Adulterated,45%,2,1114,0.128354944
Adulterated,45%,2,1116,0.125200574
Adulterated,45%,2,1118,0.119386549
Adulterated,45%,2,1120,0.111533391
Adulterated,45%,3,1105,0.123631648
Adulterated,45%,3,1107,0.125364387
Adulterated,45%,3,1109,0.127491231
Adulterated,45%,3,1111,0.1292433
Adulterated,45%,3,1113,0.129556114
Adulterated,45%,3,1115,0.127621463
Adulterated,45%,3,1117,0.123065142
Adulterated,45%,3,1119,0.116188624
Adulterated,50%,1,1106,0.121054747
Adulterated,50%,1,1108,0.12303109
Adulterated,50%,1,1110,0.125076095
Adulterated,50%,1,1112,0.126468453
Adulterated,50%,1,1114,0.126110757
Adulterated,50%,1,1116,0.123360508
Adulterated,50%,1,1118,0.117956617
Adulterated,50%,1,1120,0.110542414
Adulterated,50%,2,1105,0.120728466
Adulterated,50%,2,1107,0.122328247
Adulterated,50%,2,1109,0.124405758
Adulterated,50%,2,1111,0.126260139
Adulterated,50%,2,1113,0.126798972
Adulterated,50%,2,1115,0.125244685
Adulterated,50%,2,1117,0.121114106
Adulterated,50%,2,1119,0.11461761
Adulterated,50%,3,1106,0.122030602
Adulterated,50%,3,1108,0.123860864
Adulterated,50%,3,1110,0.125894323
Adulterated,50%,3,1112,0.127264178
Adulterated,50%,3,1114,0.126740374
Adulterated,50%,3,1116,0.123924777
Adulterated,50%,3,1118,0.118488399
Adulterated,50%,3,1120,0.110994243
Adulterated,55%,1,1105,0.117212002
Adulterated,55%,1,1107,0.118660751
Adulterated,55%,1,1109,0.120689344
Adulterated,55%,1,1111,0.122739036
Adulterated,55%,1,1113,0.123684676
Adulterated,55%,1,1115,0.122576015
Adulterated,55%,1,1117,0.118958658
Adulterated,55%,1,1119,0.112963048
Adulterated,55%,2,1106,0.118352924
Adulterated,55%,2,1108,0.120195169
Adulterated,55%,2,1110,0.122270957
Adulterated,55%,2,1112,0.123856127
Adulterated,55%,2,1114,0.123787952
Adulterated,55%,2,1116,0.121500291
Adulterated,55%,2,1118,0.116612532
Adulterated,55%,2,1120,0.109585008
Adulterated,55%,3,1105,0.117760065
Adulterated,55%,3,1107,0.119154716
Adulterated,55%,3,1109,0.121219673
Adulterated,55%,3,1111,0.123295999
Adulterated,55%,3,1113,0.124218046
Adulterated,55%,3,1115,0.123076465
Adulterated,55%,3,1117,0.119451204
Adulterated,55%,3,1119,0.113413443
Adulterated,60%,1,1106,0.115149521
Adulterated,60%,1,1108,0.116881424
Adulterated,60%,1,1110,0.119069784
Adulterated,60%,1,1112,0.120963657
Adulterated,60%,1,1114,0.121283033
Adulterated,60%,1,1116,0.119404773
Adulterated,60%,1,1118,0.114884838
Adulterated,60%,1,1120,0.108250314
Adulterated,60%,2,1105,0.114792236
Adulterated,60%,2,1107,0.116185034
Adulterated,60%,2,1109,0.118205842
Adulterated,60%,2,1111,0.120240564
Adulterated,60%,2,1113,0.121418998
Adulterated,60%,2,1115,0.120809504
Adulterated,60%,2,1117,0.117611085
Adulterated,60%,2,1119,0.111928
Adulterated,60%,3,1106,0.115793898
Adulterated,60%,3,1108,0.117570968
Adulterated,60%,3,1110,0.119737335
Adulterated,60%,3,1112,0.12154405
Adulterated,60%,3,1114,0.121838421
Adulterated,60%,3,1116,0.119935134
Adulterated,60%,3,1118,0.11537846
Adulterated,60%,3,1120,0.108690387
